dataset,reducer,n_components,classifier,accuracy_mean,bac_mean,precision_mean,recall_mean,gmean_pdf_mean,accuracy_std,bac_std,precision_std,recall_std,gmean_pdf_std
breast_cancer,kpca,5,knn,0.9227138643067846,0.9174215837661629,0.9390348441143382,0.9384976525821596,0.9385845509312212,0.026499690153107342,0.029039256883703197,0.028210162596636543,0.030252459678292386,0.021011534512938447
breast_cancer,kpca,5,logreg,0.9332557056357708,0.9286594892351523,0.9482064955448823,0.9469092331768388,0.9469587593650293,0.03535302053648655,0.0332804783963488,0.03244740285901875,0.05833548496213957,0.029579427134754466
breast_cancer,kpca,5,mlp,0.9438441235832945,0.9428148997343232,0.9640830326446764,0.9468701095461658,0.9550424853467421,0.027427009176741,0.027007950229943758,0.028916990903547293,0.04452571698042387,0.022196322610253127
breast_cancer,kpca,5,rf,0.9367644775655954,0.9304843271515397,0.9454174792343807,0.9553208137715181,0.9499024353932931,0.03120110087031212,0.026942643494608568,0.02280725694852646,0.054058891752589384,0.02621669797402239
breast_cancer,kpca,5,svm_rbf,0.9297779847849712,0.9287080363316852,0.9548269977636415,0.932942097026604,0.9434054434365258,0.034461259853203016,0.030618041244876642,0.02372828584819464,0.05412606191695352,0.02880458686947698
breast_cancer,none,5,knn,0.9630957925787922,0.9553283525442058,0.9571872146118722,0.9860719874804381,0.9714062078423131,0.01999675024369066,0.025795431810529058,0.028806554117091394,0.013889164404682039,0.015302992163610479
breast_cancer,none,5,logreg,0.9736686849868033,0.9676103780304566,0.9682543479911901,0.9915884194053209,0.9796775959930779,0.018589799576866343,0.026175888153911208,0.03240364211815605,0.012575980563728799,0.013922024058981797
breast_cancer,none,5,mlp,0.9718987734823784,0.9680557505238147,0.9728989263235839,0.9831768388106417,0.9779348608098056,0.02092329272406854,0.026207805083591017,0.028666969288556367,0.01180778785491216,0.016296016086664793
breast_cancer,none,5,rf,0.9525694767893185,0.9479642064271936,0.9600337863446857,0.9664710485133021,0.9628365402018932,0.014613813539202093,0.021776513250862224,0.03543066539349293,0.03040764486474497,0.010787657893829622
breast_cancer,none,5,svm_rbf,0.9771619313771154,0.9731786715122779,0.9755616438356164,0.9887715179968701,0.9820783918361992,0.018178759343269152,0.022445464647504795,0.024325311367548143,0.011772572862497874,0.014313265050519662
breast_cancer,kpca,10,knn,0.9525694767893184,0.9498180296247771,0.9642642208096579,0.9608763693270734,0.9623477101301962,0.0228331022322129,0.02526879882524764,0.028488539798770373,0.0301391651044679,0.018223803011543697
breast_cancer,kpca,10,logreg,0.9525850023288308,0.9451574433682197,0.9524753243210344,0.9749217527386541,0.9632326109238079,0.027416010355852415,0.033181417080692964,0.03944561622766266,0.0345913522610764,0.02085944071037095
breast_cancer,kpca,10,mlp,0.968390001552554,0.9690963611124109,0.9832529423114027,0.9664319248826292,0.9746927132224588,0.01590093059220136,0.016361552235816635,0.01824844891098045,0.02323026314995273,0.01283706367714508
breast_cancer,kpca,10,rf,0.9455519329296693,0.9365507645355337,0.9438899566206068,0.9721048513302033,0.9576262613601585,0.022639928681805657,0.02550677948499338,0.028699504241026144,0.03255194224458248,0.01769703193453894
breast_cancer,kpca,10,svm_rbf,0.9631423691973297,0.9611275534343008,0.9725169332524903,0.9692097026604068,0.9707227719716478,0.02181700165739403,0.025168302895664213,0.027208424572997058,0.02296643764045022,0.01724231108970363
breast_cancer,none,10,knn,0.9630957925787922,0.9553283525442058,0.9571872146118722,0.9860719874804381,0.9714062078423131,0.01999675024369066,0.025795431810529058,0.028806554117091394,0.013889164404682039,0.015302992163610479
breast_cancer,none,10,logreg,0.9736686849868033,0.9676103780304566,0.9682543479911901,0.9915884194053209,0.9796775959930779,0.018589799576866343,0.026175888153911208,0.03240364211815605,0.012575980563728799,0.013922024058981797
breast_cancer,none,10,mlp,0.9718987734823784,0.9680557505238147,0.9728989263235839,0.9831768388106417,0.9779348608098056,0.02092329272406854,0.026207805083591017,0.028666969288556367,0.01180778785491216,0.016296016086664793
breast_cancer,none,10,rf,0.9525694767893185,0.9479642064271936,0.9600337863446857,0.9664710485133021,0.9628365402018932,0.014613813539202093,0.021776513250862224,0.03543066539349293,0.03040764486474497,0.010787657893829622
breast_cancer,none,10,svm_rbf,0.9771619313771154,0.9731786715122779,0.9755616438356164,0.9887715179968701,0.9820783918361992,0.018178759343269152,0.022445464647504795,0.024325311367548143,0.011772572862497874,0.014313265050519662
iris,kpca,2,knn,0.8466666666666667,0.8466666666666665,0.8517340067340067,0.8466666666666665,0.8491940905092467,0.09888264649460886,0.09888264649460879,0.1010551526917087,0.09888264649460879,0.09994128754789819
iris,kpca,2,logreg,0.8466666666666667,0.8466666666666665,0.8535042735042733,0.8466666666666665,0.8500686076708938,0.08027729719194865,0.0802772971919486,0.08414119157585193,0.0802772971919486,0.08207511999813037
iris,kpca,2,mlp,0.8400000000000001,0.8400000000000001,0.8552647352647351,0.8400000000000001,0.8475699940634538,0.0924962461700774,0.09249624617007732,0.09846580711034991,0.09249624617007732,0.09515828118357798
iris,kpca,2,rf,0.8666666666666666,0.8666666666666666,0.8865393865393866,0.8666666666666666,0.87652423825126,0.05270462766947298,0.05270462766947298,0.05341590019847959,0.05270462766947298,0.05260422511412146
iris,kpca,2,svm_rbf,0.8333333333333333,0.8333333333333333,0.851197876197876,0.8333333333333333,0.8421599916502205,0.07071067811865478,0.07071067811865475,0.07831449531728922,0.07071067811865475,0.07369393667213393
iris,none,2,knn,0.9733333333333334,0.9733333333333333,0.9745454545454546,0.9733333333333333,0.9739389197132772,0.027888667551135848,0.027888667551135886,0.027574092523823854,0.027888667551135886,0.027719529204417993
iris,none,2,logreg,0.9533333333333334,0.9533333333333334,0.9548821548821549,0.9533333333333334,0.9541071987876327,0.05055250296034366,0.05055250296034366,0.04951899367877964,0.05055250296034366,0.05003355804918705
iris,none,2,mlp,0.9466666666666667,0.9466666666666667,0.948956228956229,0.9466666666666667,0.9478100007369438,0.06055300708194982,0.06055300708194982,0.05835979450460587,0.06055300708194982,0.05945502159985772
iris,none,2,rf,0.9600000000000002,0.96,0.9632996632996633,0.96,0.9616461530934922,0.04346134936801765,0.04346134936801766,0.04124407335115521,0.04346134936801766,0.042307836682079644
iris,none,2,svm_rbf,0.96,0.96,0.9610774410774411,0.96,0.9605383293221357,0.04346134936801765,0.04346134936801766,0.04278453178991786,0.04346134936801766,0.04311800703088845
syn_E2_w50_50,kpca,10,knn,0.8456666666666667,0.8455987604271353,0.8385062109042224,0.8579547204681965,0.8481272159456393,0.022503086208093544,0.022459140146151243,0.020816943975649833,0.02910239981851133,0.023118638211811007
syn_E2_w50_50,kpca,10,logreg,0.7253333333333334,0.7254278070384514,0.7360572701345369,0.7073683747332292,0.7213182095139581,0.011510864433221298,0.011458350221207744,0.013541759847947693,0.03534104833609148,0.016935468463677054
syn_E2_w50_50,kpca,10,mlp,0.8633333333333333,0.8632834135904914,0.8566652012383852,0.8752458691777958,0.865707060320753,0.006666666666666654,0.006688715491593899,0.020270026574283694,0.022866872699649477,0.006364344134461471
syn_E2_w50_50,kpca,10,rf,0.8310000000000001,0.8310283009643605,0.8363931263599909,0.8254625860817144,0.830859401836421,0.017464249196572974,0.017509942479969298,0.024064285880525473,0.013274641119028699,0.01646961365580903
syn_E2_w50_50,kpca,10,svm_rbf,0.8743333333333334,0.8742326784454779,0.8600711615371042,0.8957998723900464,0.877700913121046,0.014073221221723036,0.014046049441683098,0.01737311321960884,0.017482935223015424,0.013752081428931858
syn_E2_w50_50,none,10,knn,0.9700000000000001,0.9700248561858252,0.9758428580785143,0.9641614045895579,0.9699704537486546,0.004409585518440992,0.004391101582459027,0.0034969086319114272,0.009810811685607247,0.004548087695834596
syn_E2_w50_50,none,10,logreg,0.8506666666666666,0.850674229926021,0.8529385558386192,0.8493608501463115,0.8511314937178851,0.014023789311975097,0.014044463219308495,0.01843551285937282,0.009142228001062834,0.013281795846657703
syn_E2_w50_50,none,10,mlp,0.968,0.9679880884404748,0.9663691735948003,0.9701392708631273,0.968244780471324,0.006912147117775925,0.006932539513418486,0.010757669014501297,0.0033172065559908597,0.006720237018053049
syn_E2_w50_50,none,10,rf,0.9536666666666667,0.9536577735041292,0.9536221096523498,0.954205628038987,0.9538907205198601,0.005451809077932044,0.0054307152557758,0.004730334872757932,0.012327636845467215,0.005715200528685789
syn_E2_w50_50,none,10,svm_rbf,0.9786666666666667,0.9786561292769814,0.9769667741159914,0.9807572990693274,0.9788455894335165,0.008449194570424378,0.008466372393295585,0.012349070562193793,0.0075706982878076005,0.008324339419952823
syn_E2_w50_50,kpca,20,knn,0.9653333333333333,0.9653814385908446,0.974975415371407,0.9555367318650856,0.9651982965473843,0.007673909622147561,0.00768924568246082,0.009093960815705302,0.008998931864847463,0.007780183891907725
syn_E2_w50_50,kpca,20,logreg,0.893,0.8930629464140288,0.9045187856213719,0.8798948317968801,0.8921113501864542,0.005821416398857647,0.005806830785921453,0.005926505887223651,0.009175468773160165,0.006088499259928231
syn_E2_w50_50,kpca,20,mlp,0.9640000000000001,0.9640112781011234,0.9666830596417366,0.9615189984818816,0.9640940644830515,0.009761033642897574,0.009768850104561607,0.011105673659308968,0.008937423700968906,0.009649887145896457
syn_E2_w50_50,kpca,20,rf,0.9513333333333331,0.9513477260581895,0.9559738691719716,0.9469054586257728,0.9513960457507803,0.007940752833047751,0.007961541098732794,0.013865846903537283,0.009146859900433789,0.007735590203070035
syn_E2_w50_50,kpca,20,svm_rbf,0.9766666666666666,0.9766538848075985,0.9743120476409258,0.9794283954148424,0.9768569617717734,0.006123724356957943,0.0061332731826691635,0.008988339201168472,0.006391171910981282,0.006051533470189197
syn_E2_w50_50,none,20,knn,0.9700000000000001,0.9700248561858252,0.9758428580785143,0.9641614045895579,0.9699704537486546,0.004409585518440992,0.004391101582459027,0.0034969086319114272,0.009810811685607247,0.004548087695834596
syn_E2_w50_50,none,20,logreg,0.8506666666666666,0.850674229926021,0.8529385558386192,0.8493608501463115,0.8511314937178851,0.014023789311975097,0.014044463219308495,0.01843551285937282,0.009142228001062834,0.013281795846657703
syn_E2_w50_50,none,20,mlp,0.968,0.9679880884404748,0.9663691735948003,0.9701392708631273,0.968244780471324,0.006912147117775925,0.006932539513418486,0.010757669014501297,0.0033172065559908597,0.006720237018053049
syn_E2_w50_50,none,20,rf,0.9536666666666667,0.9536577735041292,0.9536221096523498,0.954205628038987,0.9538907205198601,0.005451809077932044,0.0054307152557758,0.004730334872757932,0.012327636845467215,0.005715200528685789
syn_E2_w50_50,none,20,svm_rbf,0.9786666666666667,0.9786561292769814,0.9769667741159914,0.9807572990693274,0.9788455894335165,0.008449194570424378,0.008466372393295585,0.012349070562193793,0.0075706982878076005,0.008324339419952823
syn_E2_w50_50,kpca,30,knn,0.9673333333333332,0.9673726161244156,0.9751349909028926,0.9595168423137006,0.9672703912815633,0.006932211447695152,0.006949957914833592,0.010434111265246338,0.010363576111810465,0.007043972012507428
syn_E2_w50_50,kpca,30,logreg,0.9266666666666665,0.926700385958874,0.9346130025037362,0.9183802336582254,0.9264426505371711,0.00971825315807554,0.009722864284784468,0.012975102688779458,0.01011495130423052,0.009581184594621662
syn_E2_w50_50,kpca,30,mlp,0.97,0.9699914549228087,0.9702119846684811,0.9701348705199007,0.9701571094979169,0.010341394704992356,0.010346878587802847,0.011882942200916572,0.012218824945231648,0.010305007775027826
syn_E2_w50_50,kpca,30,rf,0.9550000000000001,0.9549933886425823,0.9543420607149683,0.9561989835207146,0.9552503769167228,0.010929064207169987,0.01092497485162787,0.011062278172101491,0.014564385360718775,0.01099503338454021
syn_E2_w50_50,kpca,30,svm_rbf,0.978,0.9779838882515776,0.9757089036642353,0.9807550988977141,0.978211964449029,0.00802772971919485,0.008047909397441027,0.01324821833820524,0.005457133070195977,0.007866440624737795
syn_E2_w50_50,none,30,knn,0.9700000000000001,0.9700248561858252,0.9758428580785143,0.9641614045895579,0.9699704537486546,0.004409585518440992,0.004391101582459027,0.0034969086319114272,0.009810811685607247,0.004548087695834596
syn_E2_w50_50,none,30,logreg,0.8506666666666666,0.850674229926021,0.8529385558386192,0.8493608501463115,0.8511314937178851,0.014023789311975097,0.014044463219308495,0.01843551285937282,0.009142228001062834,0.013281795846657703
syn_E2_w50_50,none,30,mlp,0.968,0.9679880884404748,0.9663691735948003,0.9701392708631273,0.968244780471324,0.006912147117775925,0.006932539513418486,0.010757669014501297,0.0033172065559908597,0.006720237018053049
syn_E2_w50_50,none,30,rf,0.9536666666666667,0.9536577735041292,0.9536221096523498,0.954205628038987,0.9538907205198601,0.005451809077932044,0.0054307152557758,0.004730334872757932,0.012327636845467215,0.005715200528685789
syn_E2_w50_50,none,30,svm_rbf,0.9786666666666667,0.9786561292769814,0.9769667741159914,0.9807572990693274,0.9788455894335165,0.008449194570424378,0.008466372393295585,0.012349070562193793,0.0075706982878076005,0.008324339419952823
syn_E2_w70_30,kpca,10,knn,0.8216666666666665,0.7833387091744269,0.7120538809763952,0.6869183548189073,0.6991962985892692,0.01490711984999862,0.017258273916154514,0.030019141995446145,0.029787422160219446,0.02409124841330734
syn_E2_w70_30,kpca,10,logreg,0.7453333333333333,0.6289893711762408,0.6505980413661406,0.3362308164518109,0.4672480532886757,0.003979112128771129,0.009100709466428911,0.018100030742687335,0.02675173279092481,0.016853501197476212
syn_E2_w70_30,kpca,10,mlp,0.8406666666666667,0.812328708247233,0.7351417619080128,0.7410865561694291,0.737436317681978,0.007031674369909684,0.012765704765708017,0.029862397130322068,0.04431443997768868,0.01336720540487574
syn_E2_w70_30,kpca,10,rf,0.8203333333333334,0.7433777350389517,0.7919326456518007,0.5497421731123389,0.6595077894004668,0.012549900398011127,0.01351937800043676,0.04197991244862742,0.023891470086500707,0.022781225925118363
syn_E2_w70_30,kpca,10,svm_rbf,0.843,0.8005002022873435,0.7644343620670737,0.6935666052793125,0.7279863208994966,0.01174970448800973,0.013122040237776368,0.027900381237450277,0.023269872383527,0.01923973311388149
syn_E2_w70_30,none,10,knn,0.951,0.9344176876788065,0.9421209605647917,0.8926949048496009,0.9169136587753931,0.007509253550712531,0.012346957610235569,0.01781428019262895,0.027533443078349623,0.013391533806693766
syn_E2_w70_30,none,10,logreg,0.781,0.7007666376369154,0.6894121965638994,0.4988704726826274,0.5862950665036766,0.0073219608788295835,0.006552356367793384,0.023878762864241322,0.014345845106041963,0.010797810192867083
syn_E2_w70_30,none,10,mlp,0.9536666666666666,0.9416678921114634,0.9336044573087097,0.9114855739717618,0.9224095661886199,0.007397447007057387,0.007294356710720924,0.021667039919016452,0.011927256455241467,0.011974439070515545
syn_E2_w70_30,none,10,rf,0.8993333333333332,0.8464848487512289,0.9382998897861297,0.7134868017188459,0.8177581329034685,0.012053123154509678,0.020703411247854606,0.022009451638635297,0.044506528222150094,0.02467447212239781
syn_E2_w70_30,none,10,svm_rbf,0.9560000000000001,0.9386319923346388,0.9564969423763156,0.8949171270718231,0.9251444374242848,0.004944132324730466,0.006050673650891565,0.014788919895054107,0.012294524681282778,0.008277694177392339
syn_E2_w70_30,kpca,20,knn,0.944,0.930359840196138,0.9166611035965115,0.8960282381829343,0.9061587046765286,0.00584522597225007,0.010017000329774118,0.01479312530951811,0.02351592019912885,0.010331895321519064
syn_E2_w70_30,kpca,20,logreg,0.7983333333333332,0.7150466610867592,0.7424234986850833,0.505475751995089,0.6123315339458362,0.01252774698197741,0.0211721016322987,0.01778057834689817,0.042866803067378785,0.032156822420583375
syn_E2_w70_30,kpca,20,mlp,0.9410000000000001,0.9307350680441043,0.900409001158739,0.9048864333947207,0.9024705091287581,0.003651483716701115,0.009188525173863859,0.015377938601158962,0.025663423764486566,0.007219447580646666
syn_E2_w70_30,kpca,20,rf,0.8953333333333333,0.8404887986392225,0.9335929185997516,0.7024493554327809,0.8097652103455172,0.011266962520770366,0.015798153933459347,0.015130819395611676,0.027524343370987005,0.022131579902224426
syn_E2_w70_30,kpca,20,svm_rbf,0.9516666666666665,0.9374098021351415,0.9359402328200946,0.9015408225905464,0.9184977512054353,0.004082482904638634,0.007851077109986958,0.0107745665907102,0.018950809174081814,0.00743771940949364
syn_E2_w70_30,none,20,knn,0.951,0.9344176876788065,0.9421209605647917,0.8926949048496009,0.9169136587753931,0.007509253550712531,0.012346957610235569,0.01781428019262895,0.027533443078349623,0.013391533806693766
syn_E2_w70_30,none,20,logreg,0.781,0.7007666376369154,0.6894121965638994,0.4988704726826274,0.5862950665036766,0.0073219608788295835,0.006552356367793384,0.023878762864241322,0.014345845106041963,0.010797810192867083
syn_E2_w70_30,none,20,mlp,0.9536666666666666,0.9416678921114634,0.9336044573087097,0.9114855739717618,0.9224095661886199,0.007397447007057387,0.007294356710720924,0.021667039919016452,0.011927256455241467,0.011974439070515545
syn_E2_w70_30,none,20,rf,0.8993333333333332,0.8464848487512289,0.9382998897861297,0.7134868017188459,0.8177581329034685,0.012053123154509678,0.020703411247854606,0.022009451638635297,0.044506528222150094,0.02467447212239781
syn_E2_w70_30,none,20,svm_rbf,0.9560000000000001,0.9386319923346388,0.9564969423763156,0.8949171270718231,0.9251444374242848,0.004944132324730466,0.006050673650891565,0.014788919895054107,0.012294524681282778,0.008277694177392339
syn_E2_w70_30,kpca,30,knn,0.9496666666666667,0.938804158433373,0.9218922389078144,0.9114917127071823,0.9165045026643307,0.010697871023920802,0.007818595196450446,0.03454603520795679,0.010485599829818634,0.015971611607985065
syn_E2_w70_30,kpca,30,logreg,0.8443333333333334,0.7778708644900842,0.8282039061422791,0.6106138735420503,0.7110850267774298,0.017183648558376004,0.019086486496458537,0.04334897193333528,0.02498401590130326,0.032046345685909146
syn_E2_w70_30,kpca,30,mlp,0.9480000000000001,0.9363645301648835,0.9202892457510373,0.9070841006752609,0.9135249258589511,0.010368220676663821,0.007707738055679296,0.03163074271899305,0.009020975613436896,0.015240005751741875
syn_E2_w70_30,kpca,30,rf,0.9043333333333333,0.854786920161068,0.9393873295620503,0.7300920810313076,0.8280735733469792,0.007226494462892955,0.007332251856917883,0.024895799557845776,0.01185923610076168,0.012889029531155637
syn_E2_w70_30,kpca,30,svm_rbf,0.954,0.9406551305323705,0.9385062154157054,0.9070779619398405,0.9225799368223081,0.00760116950066093,0.010154400573724461,0.017143095520274723,0.01969768491714069,0.012795519492219633
syn_E2_w70_30,none,30,knn,0.951,0.9344176876788065,0.9421209605647917,0.8926949048496009,0.9169136587753931,0.007509253550712531,0.012346957610235569,0.01781428019262895,0.027533443078349623,0.013391533806693766
syn_E2_w70_30,none,30,logreg,0.781,0.7007666376369154,0.6894121965638994,0.4988704726826274,0.5862950665036766,0.0073219608788295835,0.006552356367793384,0.023878762864241322,0.014345845106041963,0.010797810192867083
syn_E2_w70_30,none,30,mlp,0.9536666666666666,0.9416678921114634,0.9336044573087097,0.9114855739717618,0.9224095661886199,0.007397447007057387,0.007294356710720924,0.021667039919016452,0.011927256455241467,0.011974439070515545
syn_E2_w70_30,none,30,rf,0.8993333333333332,0.8464848487512289,0.9382998897861297,0.7134868017188459,0.8177581329034685,0.012053123154509678,0.020703411247854606,0.022009451638635297,0.044506528222150094,0.02467447212239781
syn_E2_w70_30,none,30,svm_rbf,0.9560000000000001,0.9386319923346388,0.9564969423763156,0.8949171270718231,0.9251444374242848,0.004944132324730466,0.006050673650891565,0.014788919895054107,0.012294524681282778,0.008277694177392339
syn_E2_w90_10,kpca,10,knn,0.93,0.8036221402965535,0.6832840256670044,0.6440860215053762,0.6609815193404673,0.013488678380198854,0.025455254371348122,0.09411122049559158,0.05831118120983427,0.04558197486919232
syn_E2_w90_10,kpca,10,logreg,0.8960000000000001,0.5,0.0,0.0,0.0,0.0009128709291752372,0.0,0.0,0.0,0.0
syn_E2_w90_10,kpca,10,mlp,0.9339999999999999,0.8356932757924664,0.6820631602827603,0.7115719406041987,0.6948959883093829,0.013621877827801715,0.02598970871965297,0.07293011831584971,0.05856891714433959,0.040261856115661895
syn_E2_w90_10,kpca,10,rf,0.9199999999999999,0.6322781024997707,0.8817484888692319,0.26902201740911413,0.4855246746592883,0.002886751345948099,0.01735689776979659,0.07157346320672221,0.036238484004847096,0.03163061400298967
syn_E2_w90_10,kpca,10,svm_rbf,0.9486666666666667,0.8040546618243727,0.8453920508378872,0.6215053763440861,0.7225882646980295,0.01050132266801558,0.05240529144229107,0.05255012062669886,0.1067521710198538,0.07014387500974649
syn_E2_w90_10,none,10,knn,0.9570000000000001,0.7960952266744327,0.9882352941176471,0.5929339477726574,0.7644540092256336,0.008850612031567843,0.03871739684437726,0.02630668208823283,0.07648936715528952,0.05558674852935742
syn_E2_w90_10,none,10,logreg,0.943,0.7473634289417433,0.9110009076944561,0.5003072196620584,0.6743047760328664,0.00877179824462717,0.0348410563610096,0.0433953894805251,0.06832961729704648,0.05693721085046866
syn_E2_w90_10,none,10,mlp,0.9719999999999999,0.8881149214384179,0.9396919760812125,0.7821812596006144,0.8564343745951233,0.005451809077932026,0.033069483728460115,0.019646506493205252,0.06812860099100328,0.030998694136143937
syn_E2_w90_10,none,10,rf,0.9423333333333334,0.725665119147551,0.9860576923076924,0.45207373271889406,0.6653687623838138,0.008628119403696503,0.0404913975296957,0.0192607938692405,0.08097110636093394,0.0625640251064974
syn_E2_w90_10,none,10,svm_rbf,0.9726666666666667,0.872765125726743,0.9872227151730257,0.7466461853558627,0.8581647551850574,0.005962847939999434,0.02641830056841757,0.019303867866034132,0.05229180885242651,0.03388426930247277
syn_E2_w90_10,kpca,20,knn,0.9673333333333334,0.85704959574018,0.9580435863682902,0.7178187403993854,0.8285525371171083,0.005845225972250084,0.0302344784546701,0.025544372838636784,0.06123888383660786,0.03459341220244117
syn_E2_w90_10,kpca,20,logreg,0.9016666666666667,0.5386300864228499,0.7633333333333334,0.08023553507424475,0.24330742238337502,0.0037267799624996485,0.016892382329307697,0.15293426329272616,0.03440044828168093,0.06319860968963983
syn_E2_w90_10,kpca,20,mlp,0.96,0.8812369913545247,0.8252182985395325,0.7818228366615464,0.8026651913423821,0.006770032003863313,0.030399114125241985,0.03293716814343481,0.061751024702265525,0.038252887834429185
syn_E2_w90_10,kpca,20,rf,0.9303333333333332,0.6705563765455664,0.9626086956521739,0.3426011264720942,0.5724227058632483,0.007852812659593178,0.03526559910146296,0.051407413056895494,0.06968547791136985,0.06451568822884088
syn_E2_w90_10,kpca,20,svm_rbf,0.9710000000000001,0.8732364934116681,0.9632223624094358,0.749820788530466,0.8487083859570574,0.00902157906848294,0.04329344617398846,0.02647989254114931,0.08673523789427708,0.0516261989921587
syn_E2_w90_10,none,20,knn,0.9570000000000001,0.7960952266744327,0.9882352941176471,0.5929339477726574,0.7644540092256336,0.008850612031567843,0.03871739684437726,0.02630668208823283,0.07648936715528952,0.05558674852935742
syn_E2_w90_10,none,20,logreg,0.943,0.7473634289417433,0.9110009076944561,0.5003072196620584,0.6743047760328664,0.00877179824462717,0.0348410563610096,0.0433953894805251,0.06832961729704648,0.05693721085046866
syn_E2_w90_10,none,20,mlp,0.9719999999999999,0.8881149214384179,0.9396919760812125,0.7821812596006144,0.8564343745951233,0.005451809077932026,0.033069483728460115,0.019646506493205252,0.06812860099100328,0.030998694136143937
syn_E2_w90_10,none,20,rf,0.9423333333333334,0.725665119147551,0.9860576923076924,0.45207373271889406,0.6653687623838138,0.008628119403696503,0.0404913975296957,0.0192607938692405,0.08097110636093394,0.0625640251064974
syn_E2_w90_10,none,20,svm_rbf,0.9726666666666667,0.872765125726743,0.9872227151730257,0.7466461853558627,0.8581647551850574,0.005962847939999434,0.02641830056841757,0.019303867866034132,0.05229180885242651,0.03388426930247277
syn_E2_w90_10,kpca,30,knn,0.9703333333333333,0.8827750718232007,0.9325602999735881,0.772247823860727,0.8479542769337817,0.006055300708194975,0.02628196494415348,0.042182903078529385,0.053603680903650266,0.033257169030283786
syn_E2_w90_10,kpca,30,logreg,0.9199999999999999,0.6196673274676546,0.9634920634920634,0.2404505888376856,0.47987870389480347,0.003908679799852853,0.01877619297246435,0.03395118989874196,0.03793770662298235,0.03752991085806468
syn_E2_w90_10,kpca,30,mlp,0.9686666666666668,0.9016919566788226,0.8762986653840839,0.8171530977982592,0.8456412457078732,0.005451809077932044,0.016909488326339112,0.04721176920564576,0.03617285936634109,0.024229113451483257
syn_E2_w90_10,kpca,30,rf,0.9413333333333334,0.7191942206088899,0.99375,0.43876088069636454,0.658074164980344,0.0073974470070573735,0.03817941389243478,0.013975424859373685,0.07667859555844303,0.05726994473970095
syn_E2_w90_10,kpca,30,svm_rbf,0.9733333333333334,0.8844493188101099,0.9647515527950311,0.772247823860727,0.8626248717648565,0.007728015412913067,0.03065585771621934,0.04026652314363541,0.06044660165108885,0.0428428615131079
syn_E2_w90_10,none,30,knn,0.9570000000000001,0.7960952266744327,0.9882352941176471,0.5929339477726574,0.7644540092256336,0.008850612031567843,0.03871739684437726,0.02630668208823283,0.07648936715528952,0.05558674852935742
syn_E2_w90_10,none,30,logreg,0.943,0.7473634289417433,0.9110009076944561,0.5003072196620584,0.6743047760328664,0.00877179824462717,0.0348410563610096,0.0433953894805251,0.06832961729704648,0.05693721085046866
syn_E2_w90_10,none,30,mlp,0.9719999999999999,0.8881149214384179,0.9396919760812125,0.7821812596006144,0.8564343745951233,0.005451809077932026,0.033069483728460115,0.019646506493205252,0.06812860099100328,0.030998694136143937
syn_E2_w90_10,none,30,rf,0.9423333333333334,0.725665119147551,0.9860576923076924,0.45207373271889406,0.6653687623838138,0.008628119403696503,0.0404913975296957,0.0192607938692405,0.08097110636093394,0.0625640251064974
syn_E2_w90_10,none,30,svm_rbf,0.9726666666666667,0.872765125726743,0.9872227151730257,0.7466461853558627,0.8581647551850574,0.005962847939999434,0.02641830056841757,0.019303867866034132,0.05229180885242651,0.03388426930247277
